nr. sessions,nr. rest days,total kms,max km one day,total km Z3-Z4-Z5-T1-T2,"nr. tough sessions (effort in Z5, T1 or T2)",nr. days with interval session,total km Z3-4,max km Z3-4 one day,total km Z5-T1-T2,max km Z5-T1-T2 one day,total hours alternative training,nr. strength trainings,avg exertion,min exertion,max exertion,avg training success,min training success,max training success,avg recovery,min recovery,max recovery,nr. sessions.1,nr. rest days.1,total kms.1,max km one day.1,total km Z3-Z4-Z5-T1-T2.1,"nr. tough sessions (effort in Z5, T1 or T2).1",nr. days with interval session.1,total km Z3-4.1,max km Z3-4 one day.1,total km Z5-T1-T2.1,max km Z5-T1-T2 one day.1,total hours alternative training.1,nr. strength trainings.1,avg exertion.1,min exertion.1,max exertion.1,avg training success.1,min training success.1,max training success.1,avg recovery.1,min recovery.1,max recovery.1,nr. sessions.2,nr. rest days.2,total kms.2,max km one day.2,total km Z3-Z4-Z5-T1-T2.2,"nr. tough sessions (effort in Z5, T1 or T2).2",nr. days with interval session.2,total km Z3-4.2,max km Z3-4 one day.2,total km Z5-T1-T2.2,max km Z5-T1-T2 one day.2,total hours alternative training.2,nr. strength trainings.2,avg exertion.2,min exertion.2,max exertion.2,avg training success.2,min training success.2,max training success.2,avg recovery.2,min recovery.2,max recovery.2,Athlete ID,injury,rel total kms week 0_1,rel total kms week 0_2,rel total kms week 1_2,Date
23.96,25.39,2.63,27.67,18.3,29.79,22.56,23.01,12.93,8.31,13.54,26.42,22.17,19.51,2.19,19.44,10.19,15.83,20.78,24.61,12.97,0.64,17.24,0.19,24.85,0.57,6.76,12.81,7.77,6.69,20.24,9.8,13.73,19.96,23.1,17.23,10.64,26.41,26.02,4.58,23.19,6.18,5.45,0.79,18.06,25.34,23.38,16.2,28.64,9.82,9.46,6.9,6.26,9.09,12.73,8.13,28.09,6.52,10.66,4.12,26.97,13.19,25.02,11.25,13.32,22.32,0,1.1099,1.0706,1.1702,1.0988,0
6.17,11.42,24.43,2.79,5.25,27.4,21.74,3.65,22.7,3.61,14.67,18.15,22.49,9.51,5.73,29.55,23.99,10.8,7.66,3.36,13.71,0.22,24.1,12.01,25.72,10.64,28.37,25.1,13.02,25.43,9.02,29.99,2.53,19.31,11.69,14.14,28.54,8.24,19.42,9.7,4.22,7.47,16.94,3.84,4.67,20.85,22.87,1.84,24.07,25.99,19.83,11.15,12.45,4.72,5.17,28.09,28.96,22.26,24.31,5.45,26.37,3.28,4.87,14.93,9.18,18.76,0,1.3635,0.8978,0.9816,1.6749,1
9.95,26.66,1.03,26.16,27.41,1.39,11.31,17.96,15.76,4.75,0.45,26.92,2.76,29.65,3.37,14.27,29.5,25.68,16.1,4.03,18.1,19.11,9.34,14.08,27.09,3.85,19.69,10.97,18.41,21.49,14.33,22.46,25.56,5.89,6.58,3.89,28.27,6.77,2.47,2.84,12.12,26.61,3.16,6.79,5.54,19.78,9.86,29.22,20.05,15.6,17.32,26.51,22.8,3.95,12.66,19.84,17.38,28.04,1.03,27.18,11.55,1.44,5.94,5.47,4.29,1.02,0,1.1922,0.7428,0.9838,1.3581,2
14.52,10.32,18.86,24.51,17.32,13.56,6.45,18.64,16.38,3.53,8.38,23.06,27.72,10.12,26.78,7.66,24.21,14.62,16.47,19.9,20.04,10.27,15.57,1.89,10.96,19.27,28.94,3.79,6.81,13.72,3.33,16.51,8.87,26.2,9.21,13.08,29.53,2.49,26.01,15.14,11.93,28.24,29.96,5.85,25.2,6.66,0.5,22.0,10.62,18.03,4.55,25.8,15.75,24.01,10.88,6.91,28.41,15.93,11.23,3.0,4.97,19.03,18.55,25.3,22.53,4.56,0,1.4133,1.4145,1.7874,0.9176,3
28.77,28.47,8.89,27.03,29.16,26.81,14.04,4.08,28.14,0.01,7.54,16.67,9.35,27.69,18.39,28.78,1.78,12.31,4.31,24.67,22.94,24.21,28.53,7.27,23.59,19.38,11.73,5.8,25.03,2.12,28.9,8.29,26.78,3.7,22.19,28.33,4.56,13.3,20.17,22.82,0.32,3.52,9.33,3.08,18.86,14.13,19.81,8.96,3.75,22.29,13.63,2.11,29.37,27.32,10.24,8.16,29.64,11.45,26.73,3.39,14.0,17.55,26.29,20.74,23.83,22.75,0,0.337,0.6546,1.9964,1.405,4
17.97,10.88,26.08,19.95,25.1,28.9,12.65,19.14,25.96,8.41,21.72,8.28,7.55,15.23,12.59,25.09,29.49,2.49,3.03,24.18,7.28,14.85,17.73,19.97,3.12,23.43,21.26,16.82,25.12,11.27,15.57,27.76,11.48,18.05,17.71,23.81,28.62,17.27,3.52,22.92,10.82,20.18,27.11,12.65,11.81,22.33,10.42,23.64,25.57,17.2,15.68,28.21,24.39,18.84,23.33,20.07,0.77,17.01,0.72,28.38,2.96,27.62,24.06,21.87,25.48,7.61,0,1.2276,1.0161,1.9604,0.8731,5
13.38,1.43,13.75,29.73,7.9,23.81,6.28,23.12,16.42,9.66,12.04,10.46,24.46,25.34,25.7,10.01,18.49,22.2,25.09,6.83,24.86,3.04,21.66,19.18,9.39,14.92,5.59,11.48,7.94,21.22,10.52,24.18,26.87,22.64,28.78,9.68,3.34,17.46,27.26,21.01,16.81,22.7,16.15,11.94,20.87,5.96,2.72,17.94,26.31,12.14,7.9,21.48,15.98,11.9,27.64,3.11,28.68,24.44,26.62,8.82,17.1,2.47,29.98,13.28,1.22,16.44,0,1.0013,0.9107,1.2417,1.7499,6
29.5,7.36,6.77,19.44,6.48,0.37,7.31,0.62,18.37,25.14,12.44,16.54,17.04,12.37,25.44,17.43,18.82,26.66,29.37,22.4,21.2,29.46,24.1,7.91,11.11,27.0,28.11,9.6,10.71,28.74,4.03,25.8,29.59,7.41,16.15,3.86,29.43,23.53,15.22,14.27,9.4,24.22,18.12,21.6,21.53,19.35,16.62,29.55,13.96,17.23,1.6,18.56,14.91,13.09,28.59,5.14,16.8,16.77,1.73,10.43,26.03,4.44,20.46,1.96,21.57,17.09,0,1.421,1.5916,1.5704,1.2362,7
21.13,28.28,29.59,6.46,13.56,16.15,20.24,9.92,17.1,26.28,28.39,4.33,16.19,20.44,9.43,0.2,18.29,21.36,10.75,3.59,29.32,18.42,15.89,21.91,21.98,7.46,18.05,22.76,5.38,5.44,19.48,14.85,3.59,2.67,28.38,17.22,28.47,11.62,12.23,20.89,4.16,10.3,2.88,10.65,21.22,26.37,14.99,5.54,12.04,6.8,29.57,18.99,10.19,22.55,15.72,0.61,18.18,29.46,1.77,11.19,5.06,28.91,15.87,0.14,11.54,0.83,0,1.3577,1.345,1.789,1.9336,8
5.65,18.63,5.45,6.55,10.36,26.16,27.38,17.99,17.22,26.74,21.19,26.39,5.32,4.47,24.57,0.91,1.16,16.13,28.74,28.22,24.22,9.35,8.74,10.47,5.41,15.55,27.01,14.93,18.11,29.92,27.6,28.13,27.86,16.44,11.67,13.44,3.49,16.63,10.15,10.97,7.18,24.53,5.65,12.13,10.75,27.5,27.63,24.33,27.29,21.23,25.17,2.96,15.6,19.91,9.62,15.82,17.25,15.96,11.83,16.39,6.03,9.61,13.44,5.94,28.33,12.79,0,0.6527,0.6236,0.5358,0.6565,9
16.84,18.29,9.18,29.77,23.12,23.13,20.97,15.83,1.25,28.4,9.21,17.62,27.01,16.28,19.23,22.18,16.03,1.42,9.09,5.65,28.93,1.57,24.76,26.21,22.16,15.72,5.35,11.12,20.98,27.32,2.96,28.5,26.77,21.37,2.19,6.11,6.2,19.21,0.47,27.66,6.18,20.68,27.73,0.14,7.21,24.41,24.94,29.53,29.61,24.8,11.15,25.13,1.34,4.25,7.39,20.06,26.46,12.69,17.12,25.91,18.79,6.15,26.36,22.1,8.18,20.71,0,0.6238,1.1205,0.9171,1.8516,10
24.5,14.65,18.0,18.8,11.86,20.88,13.47,19.89,6.69,19.13,3.46,27.07,14.66,5.5,9.82,28.31,7.69,20.43,27.92,11.95,16.09,8.54,17.1,3.25,3.58,24.69,26.52,28.51,16.64,14.94,3.81,29.87,14.07,3.28,6.86,24.99,5.53,22.88,24.19,7.25,18.46,13.14,4.28,17.91,1.23,28.01,23.0,5.67,6.31,9.54,17.06,28.46,10.24,28.51,27.66,10.5,6.02,19.32,11.74,4.59,8.75,1.91,5.52,5.83,19.74,13.17,0,1.307,0.6041,0.8687,1.2928,11
16.71,4.3,28.93,1.7,20.54,12.3,16.03,18.56,5.1,27.98,11.11,4.3,3.11,7.01,11.44,16.88,24.41,23.06,3.59,6.74,18.85,16.91,2.22,19.47,27.32,28.12,19.34,8.47,18.48,13.49,22.44,20.49,18.38,10.35,29.64,13.65,27.58,4.59,16.09,10.8,4.33,19.11,5.23,29.02,29.97,26.46,11.04,0.63,24.16,4.32,13.8,21.32,16.24,6.81,12.07,25.2,10.59,28.26,12.63,12.53,22.0,13.32,11.65,10.91,9.78,11.97,0,1.085,0.8089,0.8254,0.7864,12
5.84,26.21,19.78,18.57,27.01,16.45,22.92,12.25,19.32,6.41,4.24,3.26,19.57,9.01,24.99,23.24,18.71,1.53,6.52,16.55,4.7,11.53,15.53,5.41,13.29,20.82,11.58,20.01,8.2,22.38,16.9,4.68,12.06,23.46,5.93,12.34,14.06,26.04,3.92,27.94,9.49,27.99,18.37,22.06,26.28,20.29,23.61,2.57,0.26,25.87,1.58,25.58,9.4,27.05,6.09,4.52,6.39,25.22,10.89,27.28,17.5,24.85,14.25,21.11,8.69,3.04,0,0.8428,1.8512,0.728,1.1228,13
15.97,18.55,4.75,16.57,14.09,29.5,20.7,27.11,29.28,19.92,4.4,13.35,22.67,4.07,11.43,11.38,5.11,0.6,20.64,24.54,27.93,17.55,5.46,26.82,29.11,28.4,17.0,26.57,29.63,26.59,2.07,4.05,9.0,11.81,4.48,29.79,23.73,20.07,28.85,9.62,21.34,28.46,2.49,18.08,23.98,0.48,26.73,12.53,5.07,25.54,5.76,8.41,15.61,27.48,14.69,27.17,1.56,7.16,9.2,13.47,12.99,1.21,22.5,22.79,13.74,2.41,0,0.8269,0.696,1.9674,1.4363,14
22.04,0.58,11.42,27.14,11.4,1.08,20.16,20.91,10.07,24.09,25.61,23.52,12.22,10.26,28.29,21.57,16.57,14.66,8.0,27.4,27.56,2.54,19.99,9.56,15.26,3.41,24.32,24.19,3.21,2.23,11.2,4.62,24.04,23.37,25.91,0.29,0.4,24.21,26.1,18.52,4.69,18.78,26.14,13.82,26.2,23.58,3.17,3.66,21.12,5.99,22.38,2.43,2.75,28.54,0.12,23.75,6.99,1.5,2.38,9.61,15.88,14.28,5.92,29.64,18.16,5.58,0,0.4321,1.5142,1.7975,0.5919,15
5.55,0.19,5.28,5.93,4.32,16.26,29.18,21.0,21.09,2.27,5.61,9.64,29.76,4.87,19.06,17.77,18.05,15.2,8.56,12.8,24.73,22.06,15.92,19.65,29.04,7.55,22.63,1.94,1.88,10.33,21.99,18.6,24.53,2.4,22.93,21.48,0.36,22.33,2.65,17.64,27.49,10.84,20.43,20.35,1.98,7.87,25.19,13.52,22.27,14.41,14.99,22.9,9.4,29.97,5.71,17.62,1.28,10.59,13.95,13.85,27.7,25.39,29.17,13.91,26.97,13.57,0,0.2131,1.6258,1.1294,0.5367,16
4.18,9.5,29.69,18.97,11.98,0.42,23.74,19.85,5.18,17.79,5.52,2.85,11.74,4.5,10.12,0.65,11.77,9.11,28.66,16.48,6.83,14.6,21.71,12.99,28.42,4.79,29.07,1.79,28.84,2.01,9.7,14.3,8.68,7.05,28.3,24.11,12.49,0.39,9.24,4.76,18.91,20.52,12.87,3.66,3.88,8.46,21.74,24.21,25.92,11.09,29.11,1.89,13.41,12.51,6.28,9.79,7.0,26.16,9.38,27.47,29.18,23.6,16.65,17.32,9.93,5.83,0,0.1907,0.9827,1.449,1.9567,17
6.87,17.79,7.11,24.59,14.66,14.09,0.58,15.33,2.87,22.51,18.71,2.44,14.73,18.08,26.73,28.75,7.98,13.48,23.32,23.74,8.29,4.29,25.43,1.77,7.4,18.99,9.82,24.75,14.48,4.38,8.18,9.6,29.56,18.14,16.09,24.72,19.38,28.73,17.93,3.61,22.0,22.06,5.85,23.97,8.47,23.72,12.69,24.56,0.33,7.83,4.32,0.76,19.55,22.87,2.36,13.95,27.29,4.43,18.78,16.66,17.82,22.75,3.23,8.21,8.28,21.19,0,0.68,0.7444,0.6928,1.9342,18
3.72,26.03,16.58,11.06,9.46,21.62,16.5,18.87,19.39,11.87,9.8,25.08,1.04,8.49,16.97,17.06,26.5,1.68,21.52,3.96,1.92,2.04,4.55,15.68,28.2,7.05,22.64,29.17,10.14,12.38,22.53,14.77,16.35,15.74,19.25,11.88,4.65,24.69,24.43,13.45,3.46,27.34,7.82,7.18,19.34,16.73,1.57,25.29,6.77,1.27,6.57,6.98,4.58,26.11,15.02,9.69,22.68,20.11,0.58,22.97,14.77,20.09,20.91,16.5,1.2,17.69,0,0.3133,1.3741,0.5107,1.5527,19
17.45,11.04,26.96,4.93,6.38,16.09,27.46,22.33,8.44,16.69,15.33,4.8,6.05,18.23,10.03,9.81,7.81,3.58,8.56,0.86,18.1,19.54,15.35,12.17,5.54,1.25,24.14,22.28,26.23,6.0,17.11,22.42,24.99,20.23,26.6,24.54,10.83,1.63,18.78,17.01,26.53,7.57,15.33,9.3,6.49,5.43,10.02,14.99,21.6,21.6,13.74,11.72,22.62,27.62,14.41,17.9,23.85,20.01,28.13,2.33,3.22,0.01,0.94,1.5,0.34,8.23,0,0.0,1.1676,1.5931,1.9418,20
2.92,11.04,19.37,29.13,22.26,11.18,8.4,19.61,8.92,1.05,3.6,4.26,13.71,27.97,29.5,27.44,3.61,19.1,28.57,23.78,26.41,27.96,5.24,3.38,21.74,13.66,26.59,20.85,8.19,0.68,16.9,1.9,20.75,6.46,11.93,11.32,1.11,12.97,13.97,5.25,0.4,26.92,19.7,28.78,26.29,21.3,21.57,6.08,8.02,20.14,28.9,5.64,20.69,24.31,29.88,1.32,16.9,25.71,16.77,21.09,23.76,21.47,22.28,8.6,2.65,11.02,0,1.2311,1.3169,1.0599,1.8527,21
21.79,16.22,9.62,19.18,12.21,17.41,11.16,29.51,23.02,4.43,20.18,26.68,20.27,12.23,28.84,2.59,7.6,4.13,27.74,19.36,13.52,16.18,20.41,26.69,10.3,27.55,29.48,4.35,10.25,18.98,22.34,25.53,17.21,29.32,23.77,24.74,11.89,24.7,26.42,29.72,16.32,15.59,17.26,7.64,16.51,28.27,22.19,20.52,23.63,14.68,9.76,25.09,11.2,28.11,15.69,24.58,6.57,10.53,12.24,22.55,3.19,19.21,13.61,25.03,26.86,5.65,0,0.0009,1.6904,1.2568,0.6617,22
4.33,2.17,28.5,7.26,12.18,24.76,16.26,2.9,24.43,0.71,0.93,3.63,5.57,23.28,2.14,7.6,28.53,12.66,10.73,12.09,20.93,9.01,11.63,6.25,12.86,17.69,14.35,18.44,1.26,14.74,0.95,9.59,0.93,21.02,25.84,11.51,16.17,2.94,20.66,18.61,10.53,29.14,14.71,0.82,1.16,14.62,27.18,14.25,16.31,2.49,21.73,21.47,27.67,13.64,22.47,7.24,29.52,1.03,9.29,23.31,25.64,6.5,12.32,0.31,3.85,25.88,0,1.1713,1.9033,1.1666,1.2531,23
13.9,20.91,11.65,27.75,19.61,1.46,17.57,20.95,14.73,27.07,8.8,4.88,8.71,9.94,3.29,4.64,25.12,5.97,14.59,0.17,23.27,24.2,27.16,23.17,1.32,5.48,10.2,20.49,25.37,6.86,13.34,21.02,27.35,3.05,4.18,22.21,28.4,16.88,13.14,11.0,20.97,0.62,15.76,20.81,19.04,3.19,14.21,8.37,16.72,12.67,1.96,7.88,28.46,10.73,12.04,27.58,27.2,26.27,3.63,4.86,17.11,19.94,13.38,29.9,11.2,7.89,0,0.1002,1.685,0.7783,1.1199,24
16.79,6.97,4.42,4.0,21.04,0.34,1.8,23.64,3.38,19.98,17.57,0.27,26.41,4.11,27.62,25.82,24.04,5.66,14.24,14.36,2.97,11.64,19.0,16.24,24.12,4.38,3.81,15.3,25.84,2.04,15.4,29.62,16.98,7.41,22.6,25.19,10.85,6.76,7.87,1.79,12.96,26.12,23.42,0.83,20.15,27.92,11.72,18.19,26.01,22.46,3.82,18.45,23.71,26.66,19.38,22.66,4.72,17.97,8.63,23.19,12.98,0.93,1.99,2.55,26.75,4.37,1,0.9621,1.0543,1.0899,1.1968,0
24.2,27.51,9.1,16.06,9.81,9.24,28.45,15.34,11.58,26.13,20.65,20.86,27.7,18.16,19.83,17.22,14.08,2.73,14.69,10.27,15.51,18.94,7.55,8.05,8.14,8.67,15.41,9.39,27.17,27.22,16.98,10.46,9.19,24.77,15.53,12.35,7.92,12.72,19.77,23.05,26.72,4.18,23.1,8.85,20.61,10.84,16.28,9.63,23.94,17.45,5.2,21.74,26.28,19.16,6.17,23.7,24.91,5.49,19.42,14.91,7.37,14.53,8.12,17.05,16.12,4.39,1,0.909,0.8788,1.9498,1.7197,1
29.52,0.1,5.67,28.02,27.83,13.64,29.73,17.51,8.31,17.02,5.98,1.53,12.83,29.45,17.86,14.29,11.61,3.58,5.43,10.84,24.04,1.64,25.42,8.32,16.45,8.05,23.52,27.77,20.6,6.15,26.74,17.0,0.3,10.13,18.73,8.32,12.89,6.91,18.55,17.12,8.0,16.58,25.22,4.55,16.61,9.5,6.6,24.17,24.75,6.09,18.49,28.63,2.74,22.21,29.36,8.09,14.59,2.87,25.36,6.63,13.79,4.97,5.21,6.61,3.22,7.16,1,0.4627,1.3695,1.3996,1.0801,2
6.4,3.01,2.46,21.37,13.28,22.17,11.53,18.45,11.4,16.24,8.15,26.45,14.75,23.69,15.72,9.66,14.97,18.47,25.15,18.2,11.19,21.1,18.03,20.97,11.33,23.64,6.21,9.43,12.15,7.46,8.72,6.93,18.01,14.09,0.73,28.06,7.32,20.93,13.57,24.0,11.67,10.36,11.43,14.73,21.73,27.28,2.68,7.65,6.86,11.0,29.91,14.36,5.06,25.61,19.35,17.97,24.3,25.38,29.37,10.94,22.82,2.7,27.48,2.77,20.86,1.5,1,0.1189,1.898,1.1797,0.9397,3
25.76,8.36,27.48,6.87,9.35,15.62,6.95,2.77,1.56,19.64,23.53,28.62,28.25,5.28,16.44,28.26,26.85,7.09,24.23,5.86,21.38,2.02,3.05,24.52,5.36,3.72,13.88,22.83,21.7,4.58,27.96,7.37,0.26,25.66,22.99,15.4,0.62,15.14,1.71,4.05,1.45,4.68,3.97,25.85,25.03,17.22,8.38,7.37,5.25,3.3,7.45,19.2,22.64,2.01,11.32,0.02,13.82,23.97,20.33,11.85,16.24,12.12,15.75,28.86,28.3,10.62,1,0.9083,1.5775,1.624,1.6274,4
15.7,12.23,15.09,14.99,24.15,6.21,17.99,11.03,8.95,18.13,12.37,11.28,11.21,9.44,5.96,0.48,13.07,19.15,4.42,25.96,23.72,22.48,19.47,9.06,7.33,0.49,6.81,13.17,14.6,13.99,13.96,26.47,13.9,12.47,1.54,28.43,26.91,27.68,8.86,1.59,13.95,11.6,19.6,13.0,17.95,10.64,15.38,14.31,28.02,26.06,14.38,10.57,5.8,27.66,4.98,29.76,4.38,21.33,8.09,0.74,6.56,15.63,0.72,12.1,23.96,13.81,1,0.9327,0.9274,0.5764,1.2755,5
3.7,13.15,14.63,22.91,1.08,23.38,21.86,16.99,2.02,29.04,27.99,11.34,19.82,13.2,21.68,8.01,4.27,27.45,2.8,11.52,11.83,1.26,9.09,28.61,5.83,17.08,12.53,24.78,4.55,16.41,7.65,27.48,0.02,1.99,25.77,7.97,14.48,1.98,14.05,29.44,27.74,14.8,2.4,13.79,26.98,18.5,29.38,25.52,28.67,7.74,16.76,26.68,24.43,9.92,19.95,15.8,20.03,25.06,17.69,20.48,24.19,23.35,7.36,24.45,13.02,8.17,1,1.4099,0.9509,1.9591,1.987,6
1.54,17.75,24.05,7.73,24.72,16.65,25.33,6.57,28.69,13.93,4.6,2.96,16.27,10.89,22.28,12.58,9.94,2.43,4.87,14.44,27.85,1.99,9.42,26.68,13.07,24.45,4.62,14.2,0.92,28.13,3.55,7.07,26.37,14.76,28.75,17.65,12.16,25.48,8.59,18.32,4.95,4.78,9.81,11.31,2.49,2.46,23.89,0.25,16.21,14.78,2.77,29.1,24.24,19.44,29.76,0.06,5.33,4.0,29.51,11.0,20.57,24.8,10.72,17.16,1.21,26.79,1,0.4952,0.5584,1.3743,1.9823,7
18.43,24.64,5.77,5.1,11.73,29.8,3.23,17.8,18.46,15.78,24.95,8.53,1.95,18.19,7.8,19.3,21.0,2.88,18.19,20.67,0.96,25.56,19.95,20.85,24.31,10.76,15.27,8.81,21.17,12.03,24.21,7.05,29.54,9.28,9.8,7.22,4.46,4.66,2.38,17.63,3.53,3.23,13.47,4.48,2.2,23.11,20.63,17.38,21.56,13.06,3.68,19.33,28.28,16.56,17.63,28.12,6.29,14.2,1.02,4.7,5.74,1.98,0.94,25.59,7.57,5.6,1,0.7464,1.4875,1.0962,1.5637,8
9.71,3.99,9.81,29.0,12.67,9.44,27.46,17.0,21.0,0.22,23.5,28.63,12.47,14.61,29.65,4.45,26.53,7.2,18.12,28.71,27.22,21.62,12.54,23.13,18.95,21.34,24.01,11.19,0.08,14.48,24.73,15.03,6.33,9.98,19.76,22.1,15.15,15.93,26.69,29.81,18.37,18.37,13.05,28.49,24.01,13.65,21.57,16.41,16.16,22.67,1.34,9.98,12.22,18.81,23.76,14.24,26.35,27.87,27.42,18.26,6.93,9.46,17.73,13.48,9.01,19.56,1,0.0581,0.8442,1.8566,0.8812,9
7.96,15.92,1.22,28.56,13.48,11.91,12.9,28.76,24.07,8.21,24.43,16.4,12.5,15.05,28.58,23.84,19.2,9.19,18.01,1.54,29.67,6.4,19.84,8.63,3.48,7.05,29.68,16.82,9.86,16.35,6.01,20.55,2.39,19.41,28.4,0.62,3.9,22.48,7.75,19.72,20.15,12.47,27.18,6.12,4.92,2.93,27.95,9.28,16.27,16.46,2.06,29.48,26.2,25.59,0.1,7.19,23.36,23.83,28.33,28.95,3.4,13.54,3.64,22.98,23.39,13.96,1,0.1831,1.502,0.9175,0.6249,10
23.67,10.6,11.64,5.68,28.35,21.76,27.33,18.61,29.08,22.99,29.76,4.87,10.26,15.66,20.69,5.83,29.73,22.72,10.54,10.21,11.68,22.7,3.11,15.37,24.35,6.37,5.7,19.12,23.2,22.43,2.01,29.79,6.8,19.71,27.39,14.83,23.13,11.62,19.28,5.97,1.26,13.59,0.11,10.66,29.63,28.02,19.46,12.47,25.13,29.09,25.86,2.56,25.29,17.84,16.84,3.49,4.07,14.83,29.88,21.78,10.22,18.75,0.97,25.06,9.51,9.36,1,1.2332,0.9402,1.788,0.5824,11
9.01,28.92,4.11,7.75,11.39,4.59,10.2,12.36,2.23,15.93,2.25,9.25,8.99,0.68,29.44,9.83,21.35,26.09,27.94,18.09,25.55,10.88,2.85,7.93,10.01,26.65,5.48,6.37,24.01,6.95,8.3,25.24,16.51,16.24,25.78,24.35,16.47,17.32,20.71,8.92,16.57,8.93,26.86,22.57,1.22,27.57,12.61,19.74,8.07,1.56,2.06,28.47,17.65,3.2,14.31,14.08,10.83,16.26,7.93,17.73,16.84,23.82,2.46,5.05,19.45,17.07,1,1.3,1.4463,0.5253,0.8276,12
21.24,5.08,28.72,25.91,15.29,29.69,0.16,15.69,8.2,23.84,23.29,5.63,16.43,1.78,6.33,20.01,5.77,15.83,10.33,12.14,17.72,27.32,8.63,7.47,25.68,3.74,12.61,19.45,14.93,29.33,12.17,5.73,7.59,3.85,5.53,19.22,3.6,20.13,3.97,1.21,29.94,22.35,21.94,20.52,3.99,6.54,28.78,17.24,19.56,21.52,24.9,0.41,3.21,6.19,4.33,21.73,23.57,26.06,9.75,12.33,19.79,20.41,13.3,6.05,19.05,6.2,1,0.5298,1.8049,1.7872,1.4935,13
14.7,28.47,13.12,7.56,13.0,4.76,23.44,25.01,22.45,15.73,6.12,3.31,8.62,8.5,5.31,23.07,14.2,22.88,1.96,13.63,9.1,6.73,6.03,25.92,25.18,28.91,8.09,14.41,13.14,4.0,23.43,19.36,11.54,29.59,16.55,19.26,4.34,8.03,11.13,7.64,2.97,25.86,15.49,9.31,12.11,1.89,28.71,3.21,26.96,7.56,7.33,28.73,27.94,25.68,17.23,27.73,27.65,18.83,29.32,0.1,28.76,9.82,20.69,16.62,17.04,0.04,1,0.2901,0.6627,0.9595,1.6462,14
7.54,24.14,17.59,18.87,20.1,28.82,16.96,10.71,11.4,18.74,26.71,9.74,25.73,10.71,22.77,15.97,14.79,12.92,16.87,20.69,3.1,26.88,6.94,26.0,6.15,12.37,29.88,2.18,20.43,29.28,13.24,4.07,22.14,6.55,2.91,7.69,27.55,12.27,29.74,19.29,26.69,26.79,2.8,27.71,18.35,2.81,7.51,17.95,22.39,28.15,7.24,14.28,8.31,5.01,22.72,21.86,27.79,14.69,29.77,23.87,26.62,3.0,15.11,6.88,17.27,0.0,1,1.0446,1.902,1.63,1.3344,15
4.93,22.17,29.42,17.15,20.02,5.78,24.67,7.03,1.36,5.38,24.82,5.93,8.85,1.84,13.48,18.56,0.94,21.77,21.72,11.0,22.7,22.83,25.04,12.95,20.64,25.01,4.77,11.34,5.14,1.05,5.25,25.29,12.61,2.54,4.73,2.2,12.45,13.04,20.99,4.99,21.41,21.41,26.51,15.93,27.03,17.75,28.86,17.57,9.9,13.59,24.86,17.83,19.82,6.47,13.47,5.16,25.1,13.35,9.47,18.19,27.79,23.95,25.07,5.89,8.87,23.18,1,0.6973,0.6365,1.3721,1.6949,16
3.8,1.61,22.11,16.01,25.72,16.8,11.84,19.49,21.37,24.5,1.58,5.39,26.27,23.97,7.21,1.52,25.75,16.31,2.23,16.17,2.51,15.75,2.81,7.83,16.47,24.84,1.32,14.72,25.14,4.19,23.7,20.96,2.68,4.43,13.27,12.66,19.02,2.4,22.8,13.83,20.44,29.78,10.13,0.99,0.35,0.82,19.95,0.73,24.29,0.91,9.67,22.73,24.24,17.58,2.48,5.71,28.59,2.95,23.51,16.17,11.15,23.62,22.45,18.15,21.58,29.65,1,0.4693,1.5083,1.692,1.256,17
8.7,8.76,4.78,16.37,4.44,20.04,16.2,8.62,15.67,23.04,4.52,24.73,8.67,18.65,1.27,11.38,1.21,13.04,0.79,17.98,0.08,7.84,7.37,10.36,10.24,10.84,15.48,15.9,12.16,16.89,7.07,4.48,8.08,6.84,9.65,19.84,10.99,24.65,23.55,11.26,1.26,21.43,18.75,1.59,6.24,12.31,25.68,16.75,18.54,23.6,0.51,18.73,19.09,28.16,27.74,5.54,1.94,8.03,1.41,3.67,11.75,25.05,3.73,16.67,15.88,0.15,1,0.9384,0.888,1.7854,0.7662,18
28.45,14.95,27.93,15.47,11.34,22.92,15.85,1.92,8.03,4.65,1.97,20.9,18.57,8.85,5.13,17.14,20.08,21.92,12.23,4.76,7.28,12.59,21.51,11.05,21.76,15.85,6.42,9.29,23.35,2.47,26.2,24.66,8.75,29.47,11.7,10.64,22.51,22.73,25.99,1.27,12.1,6.87,20.27,10.2,20.5,8.81,28.78,27.34,0.7,2.54,11.32,12.34,8.39,8.72,17.27,24.44,15.16,27.54,23.16,21.92,11.05,16.68,15.03,5.35,29.47,9.95,1,1.4587,1.1985,1.7476,0.5923,19
20.65,1.13,20.6,1.73,25.59,7.16,27.49,6.27,22.95,10.65,24.86,7.73,9.45,21.27,11.84,6.66,4.24,3.07,2.84,18.0,15.79,21.64,23.62,16.33,18.19,5.96,17.8,18.93,5.94,6.5,12.15,9.69,6.77,26.47,25.64,21.7,28.69,27.54,18.36,15.15,22.75,9.82,11.68,13.85,15.02,12.22,16.58,25.92,26.75,0.32,5.54,24.61,29.92,0.88,3.2,23.36,3.36,3.84,17.92,27.73,7.33,11.32,14.17,21.09,7.92,8.51,1,1.4685,0.6796,1.5872,1.1233,20
0.09,18.63,6.41,11.04,23.76,4.02,1.74,9.34,2.13,3.7,15.78,23.16,8.61,16.18,6.78,11.91,14.32,25.14,17.6,22.7,12.22,5.12,21.69,28.25,18.2,15.18,2.21,13.54,10.06,12.55,2.77,28.01,20.86,25.72,8.82,15.59,12.22,22.41,24.89,18.91,23.34,10.12,14.77,11.86,13.06,23.72,1.39,20.81,3.5,3.86,23.41,0.54,1.26,5.79,29.71,15.61,6.1,11.72,26.54,2.65,26.14,0.82,4.62,13.67,9.61,22.35,1,0.1499,0.7633,0.8279,1.8462,21
10.67,24.52,15.27,5.5,17.16,14.56,25.42,12.73,16.84,27.07,18.64,29.52,24.94,8.71,28.89,3.47,9.12,16.64,23.81,29.55,23.41,10.28,7.12,25.89,27.38,22.1,15.86,12.22,6.36,19.35,18.44,3.72,3.07,11.12,20.73,0.54,24.67,15.22,29.8,17.43,1.95,8.68,17.22,28.05,21.44,13.59,7.66,24.22,12.09,17.94,17.18,28.28,12.62,18.73,24.24,26.09,19.7,24.91,19.25,22.78,22.38,20.28,22.83,25.63,2.69,15.67,1,0.2178,1.6753,1.3689,1.4552,22
17.06,4.41,16.96,8.83,23.17,26.62,17.08,23.77,25.71,28.6,26.72,3.25,25.18,24.21,6.69,23.42,23.29,12.9,16.92,28.82,1.64,18.67,0.69,16.74,4.65,19.21,13.72,12.53,26.75,19.26,5.22,6.48,16.85,29.84,6.84,18.2,9.77,19.88,27.24,19.51,26.96,15.61,19.72,16.83,0.52,24.56,8.54,0.09,10.34,12.22,19.91,29.45,27.07,16.99,13.02,0.9,24.14,23.52,12.19,22.89,16.34,4.4,19.83,2.8,16.52,17.19,1,0.5171,1.4455,1.8852,0.8249,23
16.85,24.26,2.95,24.92,26.47,22.99,24.22,9.41,10.11,27.71,3.61,25.3,23.32,11.96,4.47,17.63,23.19,25.49,8.16,26.97,25.64,24.98,4.93,22.57,0.03,20.03,15.42,18.01,27.22,11.68,29.95,3.5,29.39,11.62,6.06,2.44,5.8,18.36,24.71,24.7,0.76,28.36,11.26,1.68,19.45,2.4,18.9,2.19,22.13,1.63,12.23,5.32,18.89,5.88,17.47,13.3,12.33,4.31,21.9,6.62,8.39,0.5,14.86,13.28,8.45,4.87,1,1.0715,1.1735,0.7096,1.1048,24
25.89,20.14,17.89,10.34,16.66,2.76,26.17,21.75,24.78,27.68,27.69,29.46,16.96,27.97,2.0,23.33,0.68,28.1,20.24,7.88,29.11,5.95,13.62,2.68,3.98,27.94,10.74,27.92,6.08,27.47,12.04,14.02,27.82,13.93,6.15,29.88,27.23,20.34,2.36,4.9,11.39,6.57,12.66,24.76,29.39,9.53,14.03,16.38,29.29,11.28,5.71,13.42,26.74,16.36,9.21,17.78,21.78,5.06,17.36,1.43,25.92,8.82,1.29,24.52,12.93,8.54,2,0.0794,1.1776,1.5231,1.748,0
11.95,16.03,27.83,27.15,22.23,14.99,15.4,27.46,2.26,25.02,19.17,26.35,26.83,17.67,24.82,3.07,5.8,15.58,29.21,5.15,16.38,22.04,14.74,21.94,18.19,7.02,12.78,24.79,26.24,16.18,26.3,25.44,5.32,20.45,9.55,0.87,6.87,22.51,28.79,0.69,23.57,17.66,21.58,12.86,20.42,29.83,13.61,21.0,12.08,28.15,7.08,12.15,23.4,4.4,23.77,10.95,0.07,16.22,2.53,25.22,5.41,18.88,9.84,4.78,29.76,20.36,2,0.9893,0.5222,1.0026,1.9833,1
28.11,20.6,12.15,4.51,2.19,19.54,28.11,2.18,17.12,9.82,11.94,13.7,17.83,1.18,17.72,23.18,8.06,12.9,18.27,8.66,16.4,0.48,4.75,26.77,1.13,9.93,1.02,18.15,21.89,19.87,16.27,29.25,17.95,20.74,15.22,8.76,3.9,26.47,10.13,22.06,15.37,18.89,19.42,8.51,13.56,16.37,13.74,24.31,27.39,20.86,13.24,10.71,5.37,26.86,12.05,11.71,5.88,23.07,19.7,0.79,18.47,8.25,23.41,28.91,1.9,18.83,2,1.46,1.2423,1.2983,1.0767,2
4.5,18.71,27.46,15.17,21.56,4.62,25.02,9.6,17.3,14.82,22.49,23.72,15.96,20.45,0.02,19.31,20.47,23.77,11.06,20.87,26.49,19.91,26.03,22.67,11.7,21.83,9.96,13.7,1.15,20.19,5.04,26.99,5.28,22.39,25.57,8.05,5.48,15.71,13.82,11.82,4.21,24.79,18.34,5.57,7.4,28.55,20.51,22.18,25.4,23.69,24.91,6.67,28.22,16.39,27.05,17.18,3.09,12.15,7.82,20.53,27.48,5.6,22.84,21.67,27.96,5.34,2,1.4175,1.0836,1.9529,0.7578,3
28.38,6.65,20.84,10.3,18.24,20.59,3.07,25.81,28.19,3.19,21.32,11.08,0.77,19.37,15.57,28.69,28.49,16.76,0.47,9.61,14.63,20.4,24.75,6.73,5.82,18.84,3.6,20.26,15.37,17.31,27.79,3.4,14.44,14.53,1.41,15.65,21.14,17.46,8.07,1.13,25.16,6.31,9.23,9.76,13.61,9.8,9.83,3.22,21.87,10.98,26.58,24.53,14.28,25.38,15.74,7.14,12.79,25.55,1.37,28.79,7.97,25.4,20.91,19.3,3.27,28.51,2,1.1887,0.5528,1.0308,1.1849,4
18.47,28.44,3.66,17.75,14.19,1.8,21.98,3.95,14.34,8.15,3.89,25.34,15.8,25.69,10.45,4.88,4.11,9.93,24.27,24.28,12.84,1.75,9.73,23.19,15.19,23.77,13.49,13.27,8.96,5.03,14.78,10.14,10.12,22.22,20.08,16.24,10.19,17.65,28.94,23.9,9.52,21.38,18.41,5.33,3.87,28.74,27.31,29.03,24.37,12.84,9.97,4.08,25.53,26.47,1.29,24.05,11.18,6.89,19.42,6.96,28.75,3.93,26.32,26.49,24.81,23.98,2,1.3027,0.6039,0.5084,1.0099,5
1.01,6.12,18.99,16.67,5.46,3.01,9.1,25.53,15.74,11.49,17.59,29.85,14.72,14.99,25.51,29.71,6.66,13.47,19.12,13.23,28.48,19.29,4.49,0.19,10.99,15.46,22.16,5.03,11.07,6.27,28.76,15.77,24.16,5.19,16.3,24.49,22.11,5.71,1.89,6.01,4.3,25.24,0.21,9.15,2.78,11.31,0.24,2.7,7.34,7.87,4.8,21.53,13.9,0.73,4.95,14.15,15.56,2.61,13.68,23.61,27.0,14.4,9.63,22.4,10.9,18.83,2,0.7258,1.0684,1.7941,1.9132,6
9.76,18.56,15.33,23.27,20.09,13.61,26.99,16.61,21.89,11.77,16.48,5.45,13.19,3.63,14.06,1.9,20.62,5.95,23.62,21.85,27.77,19.66,29.0,28.7,27.78,9.77,5.18,17.3,17.01,18.44,22.23,26.45,28.66,21.98,23.98,19.72,17.56,19.21,7.09,16.52,7.09,5.0,19.6,21.07,7.34,17.33,26.84,6.1,16.68,9.24,12.54,14.67,19.34,22.11,26.48,6.57,24.25,8.7,28.26,17.13,7.83,7.62,24.32,23.25,18.34,21.75,2,0.2707,1.1702,1.7373,1.7909,7
13.16,5.6,5.23,2.1,1.66,7.39,27.03,14.06,15.81,14.93,3.38,14.71,26.86,9.81,17.39,16.75,27.45,7.29,4.48,24.37,22.58,2.96,23.8,11.91,23.72,25.89,16.44,5.2,26.5,7.96,16.63,18.2,28.19,26.54,15.56,15.18,17.07,10.48,6.32,22.2,21.15,11.17,15.43,5.54,19.12,11.83,1.83,25.14,22.52,29.93,23.06,6.06,8.34,9.06,27.68,19.36,24.44,25.66,17.22,3.28,1.99,25.06,4.89,6.3,21.84,26.96,2,1.3014,0.5343,0.7238,1.3658,8
23.38,21.89,17.61,10.45,0.72,9.08,14.34,19.61,22.05,5.79,18.36,5.89,0.15,12.47,14.1,6.31,17.8,2.79,29.02,4.36,1.45,4.53,4.55,6.22,3.54,20.6,21.01,13.81,14.0,19.81,1.61,18.18,22.38,2.68,3.38,12.08,3.89,5.42,3.63,21.65,13.39,21.69,19.85,27.77,22.8,27.97,5.94,18.69,21.89,1.11,17.16,12.94,10.12,16.08,19.81,13.66,26.31,24.34,23.3,3.11,22.93,8.46,3.01,8.53,23.7,20.49,2,0.938,0.7109,1.0057,0.5131,9
19.95,29.46,4.5,8.6,3.86,25.2,17.74,21.02,11.0,29.03,21.65,25.19,1.98,22.26,19.65,24.16,6.44,20.01,17.89,3.85,20.84,14.9,0.51,2.92,29.07,3.56,8.26,12.72,10.77,9.8,11.0,9.21,27.72,6.36,0.81,28.25,26.64,23.36,0.77,29.7,27.91,12.67,10.85,4.86,6.92,14.85,1.81,17.97,1.85,21.57,28.92,12.94,25.86,0.67,6.85,3.79,8.44,19.5,27.03,10.27,7.83,25.92,24.83,20.53,19.26,6.66,2,1.0655,0.9282,0.8745,0.687,10
18.48,27.24,12.17,14.89,27.43,19.2,11.06,26.79,9.25,1.95,13.28,20.31,29.94,11.16,12.76,5.17,7.38,14.39,3.19,25.1,7.53,13.03,3.32,16.65,23.07,23.92,15.43,1.16,0.8,27.34,23.78,16.62,3.01,11.96,22.9,2.7,4.86,15.49,16.33,15.51,24.37,20.11,13.43,4.44,0.91,21.59,29.23,21.13,13.9,5.86,1.27,13.59,7.4,13.86,6.88,2.39,1.43,26.11,10.83,15.92,8.27,9.01,24.03,5.25,21.12,0.74,2,0.8477,0.7726,1.2975,1.2922,11
10.66,12.78,12.88,7.61,0.89,3.61,0.16,5.97,20.13,26.17,6.01,12.08,24.68,27.58,13.18,7.63,13.12,11.81,24.7,2.37,17.55,15.74,24.92,20.98,14.25,0.96,29.39,12.09,12.77,9.32,9.91,17.68,22.65,23.85,1.52,17.66,20.0,3.73,7.57,0.59,19.65,17.57,16.32,28.24,2.04,21.45,22.72,25.74,18.93,8.09,0.09,7.48,29.92,1.97,23.53,1.27,18.32,15.06,24.23,8.93,24.9,24.65,27.88,11.85,18.18,29.69,2,0.9583,1.472,0.798,1.3855,12
20.55,24.41,11.47,16.7,8.78,12.33,11.46,2.99,6.49,8.6,1.47,14.4,7.99,7.0,5.23,9.67,5.49,22.11,29.01,20.09,17.85,17.49,27.36,29.87,13.38,0.44,21.34,27.33,4.95,12.92,29.64,19.81,0.79,14.02,15.47,24.59,16.22,5.15,2.67,1.65,4.75,19.96,0.82,24.1,18.83,2.85,27.93,28.1,28.31,23.98,7.06,20.53,22.53,17.15,17.86,26.55,23.4,13.46,4.4,3.36,29.28,28.88,21.93,16.13,18.78,28.94,2,1.3917,1.2623,1.723,1.7771,13
29.12,27.84,26.82,9.12,4.15,22.73,13.54,26.41,10.68,15.39,27.81,17.13,13.21,15.21,13.13,0.35,5.18,24.36,7.79,1.4,14.23,14.2,2.81,25.28,25.26,11.41,2.55,17.87,2.75,19.44,2.52,4.73,26.73,20.23,17.71,23.74,18.0,12.7,27.11,4.51,21.79,11.76,28.3,20.11,25.44,19.94,1.5,1.29,10.64,21.4,7.76,23.71,23.7,12.71,10.64,1.32,26.99,19.27,5.31,8.52,26.81,20.73,16.75,10.0,11.32,3.21,2,1.3965,1.3716,1.7885,1.4879,14
19.24,5.45,19.2,26.54,27.79,21.06,8.49,18.29,11.51,7.46,7.94,18.35,0.77,13.59,9.37,1.94,0.35,16.82,3.07,4.27,29.44,10.67,22.8,24.77,12.2,16.28,3.75,15.08,17.22,23.68,6.66,16.04,15.98,15.05,18.42,26.41,4.12,7.76,14.39,29.72,22.59,13.36,17.27,12.75,18.7,1.9,9.0,6.43,24.89,17.59,22.7,21.74,10.73,22.66,17.99,24.45,29.96,26.19,21.44,3.24,6.4,21.59,26.83,10.25,29.43,1.31,2,0.3818,1.3344,0.6416,0.9987,15
24.9,0.66,4.97,27.19,8.35,9.06,4.34,3.74,2.92,9.54,0.95,5.8,8.67,0.85,17.02,12.06,1.9,22.67,14.53,27.35,22.43,23.17,3.8,7.76,16.15,22.59,18.91,16.4,28.69,21.88,25.99,13.85,16.53,2.91,2.39,8.13,15.51,29.86,23.62,25.19,18.68,27.57,18.8,28.42,16.38,18.49,16.15,24.14,7.47,29.26,11.87,18.56,13.21,27.91,11.43,9.37,26.78,2.71,10.21,7.84,9.41,19.8,3.32,18.41,21.67,20.39,2,0.0879,1.5312,1.2166,1.042,16
20.91,11.44,20.84,10.54,2.11,2.36,20.48,1.86,24.98,16.13,23.14,24.23,6.21,9.43,12.32,21.28,3.77,15.44,7.8,11.17,1.67,14.57,1.47,17.82,19.54,9.03,4.08,15.91,17.41,5.37,8.8,11.29,11.25,25.96,23.57,22.22,16.7,13.05,14.93,1.5,23.68,7.86,0.43,23.72,9.32,12.71,10.93,22.69,10.2,26.77,17.14,23.48,9.26,9.57,6.62,23.44,24.16,0.87,3.93,25.71,11.09,23.97,26.28,23.5,25.63,5.53,2,0.6281,1.5509,0.5813,1.0947,17
10.02,18.25,6.87,1.61,20.84,20.26,4.81,5.6,5.25,8.82,28.9,23.95,12.85,26.44,20.82,14.22,12.04,22.91,18.4,11.7,3.11,5.31,21.27,3.0,11.18,29.17,15.1,28.7,16.0,15.51,11.65,1.8,22.81,29.38,0.45,14.24,15.49,11.88,21.33,29.75,3.84,26.24,5.19,17.87,28.25,13.32,23.57,0.41,24.06,13.38,29.83,12.26,7.89,4.92,24.36,2.28,21.91,27.59,1.6,15.86,6.86,22.79,14.36,6.84,10.37,17.66,2,0.5788,1.6288,0.5721,1.3312,18
29.21,19.07,11.05,7.94,15.42,9.29,3.7,16.72,22.54,15.1,26.36,10.86,22.57,28.5,1.41,20.27,12.88,9.17,11.02,19.57,10.16,4.37,5.9,26.4,3.34,28.33,4.62,21.39,13.42,23.09,18.44,22.09,29.31,20.47,18.62,24.47,2.55,13.15,23.21,22.92,7.29,8.8,19.25,22.27,14.68,0.92,26.03,16.65,11.39,5.09,2.18,14.24,21.43,19.65,1.82,25.4,18.2,11.61,7.41,1.25,9.87,19.06,1.0,18.27,23.78,6.89,2,1.0788,1.2546,0.7172,1.4362,19
6.88,25.43,26.43,0.35,25.74,25.9,23.64,22.21,15.44,21.45,11.89,14.23,8.6,27.15,25.28,10.36,5.17,7.62,27.5,28.67,7.85,12.82,24.78,6.31,16.05,10.85,1.98,18.08,6.52,21.14,16.57,0.47,20.59,22.67,24.01,20.09,7.23,17.87,4.41,13.69,15.07,19.83,26.22,22.06,24.12,17.04,12.77,17.59,15.43,4.65,26.6,20.72,1.83,29.8,9.44,17.36,3.99,14.38,8.23,13.48,4.13,11.31,1.09,2.69,21.87,17.95,2,1.1215,1.072,0.8789,0.9017,20
27.14,24.95,19.46,17.77,4.88,7.06,17.04,3.1,29.27,29.56,19.79,15.0,11.76,24.51,28.31,17.0,29.5,15.51,15.44,1.48,17.34,27.72,5.03,3.63,24.49,0.45,6.9,26.67,0.49,20.75,11.58,13.02,3.44,27.3,15.24,18.94,20.14,16.74,24.06,14.43,11.59,0.34,2.51,8.86,11.18,23.91,8.66,27.52,7.06,16.59,27.86,19.5,19.23,2.55,15.31,1.42,14.48,12.63,22.53,25.69,19.25,5.85,9.28,25.99,17.66,24.96,2,1.1852,0.5523,0.7978,1.6596,21
0.51,25.06,12.13,5.47,11.1,24.47,28.3,28.57,17.65,13.13,2.24,0.59,20.67,13.08,29.17,20.05,12.66,2.76,0.39,19.42,27.48,8.97,2.6,2.71,25.22,29.79,6.74,8.47,24.23,16.25,3.02,18.42,27.67,17.74,23.17,14.08,15.68,0.45,23.19,22.81,12.9,16.45,8.83,4.22,16.03,17.02,18.65,4.78,18.21,23.55,15.84,16.2,16.74,15.6,19.06,3.55,15.87,20.46,19.23,23.45,2.18,0.92,24.09,12.86,10.89,25.32,2,0.854,1.8452,0.5351,1.3921,22
3.8,28.3,3.98,26.44,22.92,10.76,25.48,18.93,17.32,24.93,5.6,0.44,29.33,16.6,0.18,28.31,26.92,11.06,4.18,2.19,13.83,10.07,9.43,28.72,13.82,13.71,21.18,20.13,4.14,8.9,18.06,23.52,2.9,20.19,25.04,16.54,8.41,18.26,17.77,28.2,13.07,5.31,4.23,28.29,10.03,17.63,13.48,24.33,26.45,27.4,7.93,21.94,7.99,3.96,24.7,10.4,8.81,14.58,25.05,9.57,23.39,3.79,25.35,4.25,25.34,11.02,2,1.2458,1.5655,0.5271,1.6015,23
1.9,11.98,27.76,26.95,12.3,28.52,13.78,6.34,4.08,25.43,14.1,5.33,4.89,16.8,9.84,21.63,23.63,0.15,2.67,15.61,28.36,24.5,5.48,20.67,21.51,7.21,4.09,12.59,11.68,28.02,27.73,23.85,11.19,14.44,1.77,10.54,16.87,20.94,28.46,2.74,17.23,29.24,18.31,25.32,26.58,3.28,24.49,2.59,5.58,2.43,26.4,22.32,6.82,24.51,23.82,1.6,17.09,5.99,0.98,2.13,12.91,9.42,0.44,28.71,7.69,21.02,2,1.482,0.6299,1.2563,1.6778,24
16.85,9.82,8.79,24.32,4.23,17.02,14.05,17.79,17.19,25.96,12.36,3.95,7.71,28.7,22.98,12.4,21.98,28.78,23.79,15.44,4.24,14.22,24.14,24.33,2.48,27.05,21.76,2.12,7.73,1.36,10.55,16.84,18.32,6.65,5.5,14.05,8.9,29.12,23.51,21.85,13.14,15.72,26.44,7.26,26.14,4.54,15.9,12.17,8.19,16.37,1.17,12.88,5.81,16.44,29.69,29.89,26.73,27.93,15.1,16.41,29.03,9.54,6.84,27.63,23.93,18.92,3,1.2747,1.1088,0.7068,0.5711,0
10.02,13.37,13.33,8.3,1.5,10.8,18.6,10.57,10.93,11.91,6.18,5.48,24.74,17.82,16.23,10.0,22.97,3.21,14.8,21.0,21.92,19.98,18.0,26.68,2.99,2.5,3.0,23.37,28.24,2.84,29.59,0.57,9.86,8.85,28.27,20.46,1.62,21.08,5.05,0.71,21.51,11.13,7.01,24.53,27.97,20.96,2.49,5.31,0.02,2.48,4.06,13.13,9.41,23.82,16.98,26.16,1.79,4.74,12.53,24.37,27.57,2.37,3.33,6.44,21.58,5.49,3,1.3178,1.9499,1.482,1.5296,1
7.79,19.01,18.53,0.96,8.48,28.68,14.77,22.95,21.13,25.34,13.91,16.52,27.92,21.25,17.7,10.98,0.84,6.92,22.53,1.97,0.29,11.78,28.72,18.66,29.1,23.19,0.37,20.7,17.37,0.09,10.45,28.13,26.35,12.85,15.19,20.96,22.81,1.93,16.28,18.81,27.3,28.66,29.71,10.1,18.46,26.76,28.8,10.78,22.8,7.31,11.21,17.01,4.4,10.84,2.12,1.78,28.91,17.08,17.33,19.32,11.93,12.85,27.42,24.73,1.76,16.4,3,1.0757,1.2163,0.5661,1.5432,2
7.25,14.37,8.01,20.41,21.5,28.69,19.87,17.11,8.67,17.43,28.9,11.25,6.75,0.08,14.72,11.31,25.44,4.72,9.84,6.54,18.99,24.85,2.19,6.38,11.38,7.65,26.97,5.51,3.17,16.12,5.51,1.83,5.6,28.41,21.07,4.48,23.68,9.23,25.68,2.09,22.12,0.96,1.2,26.85,12.65,20.3,10.69,0.17,22.93,16.23,27.41,15.31,7.29,4.54,27.09,2.65,11.78,6.6,4.08,27.83,8.45,20.35,28.73,27.71,13.7,22.63,3,1.494,1.3347,1.973,1.1767,3
25.72,25.82,2.63,17.8,17.81,12.7,5.02,1.39,28.6,7.21,20.13,26.47,23.92,26.54,4.24,11.1,15.62,2.33,13.86,13.9,0.74,17.88,0.03,13.35,2.73,10.33,4.86,21.41,16.52,5.43,12.94,28.72,2.97,23.86,21.77,5.13,10.58,27.31,23.57,15.67,27.3,21.68,20.59,16.97,13.01,23.18,15.09,6.34,11.14,16.51,2.45,17.66,9.39,22.49,20.71,14.11,21.12,2.83,16.68,1.33,1.51,29.77,10.19,7.09,16.05,24.25,3,0.9058,0.8239,1.3212,1.0632,4
28.28,15.26,17.46,26.98,24.11,8.28,28.84,9.33,1.6,2.88,15.42,5.04,22.62,4.88,1.62,16.54,18.45,16.1,18.76,25.16,6.86,19.87,4.66,7.56,8.32,14.62,8.36,6.34,3.95,22.48,15.75,3.29,12.64,28.6,10.8,18.07,5.89,0.31,3.8,18.82,0.39,1.08,6.24,1.52,28.11,20.88,6.57,3.94,21.51,14.94,25.51,3.82,26.27,7.31,21.54,1.24,23.31,3.92,2.81,10.06,1.41,7.6,5.91,20.47,24.75,10.33,3,1.1896,0.8462,1.7423,1.1854,5
10.68,27.09,2.88,16.12,3.96,2.13,0.69,4.86,17.95,12.47,26.5,20.57,22.27,14.09,11.34,18.24,25.82,4.77,22.47,15.93,3.58,23.55,7.91,25.26,22.26,24.64,2.01,11.61,4.87,17.02,24.04,6.09,3.56,14.61,15.03,11.01,16.72,11.06,25.24,25.24,27.22,13.82,22.59,26.73,11.49,21.01,27.9,2.52,15.36,11.81,10.85,9.1,8.61,22.89,7.64,19.68,13.23,12.94,29.39,20.55,18.14,5.66,6.74,12.5,0.26,19.42,3,0.5654,1.1804,0.6942,0.7534,6
4.04,26.46,3.52,8.87,4.41,6.49,12.33,4.12,24.86,10.31,19.64,20.86,8.0,4.54,20.38,25.5,19.09,28.65,16.01,14.79,29.59,28.51,18.53,22.2,27.91,4.43,7.2,9.33,24.62,2.54,18.02,20.48,7.91,6.03,10.17,7.18,4.02,28.97,29.68,28.42,29.22,5.6,10.97,1.73,15.95,6.75,7.82,6.07,24.46,24.27,7.23,2.36,25.03,25.45,15.87,12.17,11.22,21.56,11.09,14.01,21.83,27.48,16.91,8.06,9.92,13.61,3,0.8802,1.8424,1.6962,0.9024,7
23.16,27.04,19.07,28.41,10.81,7.2,11.12,14.17,25.72,11.79,27.94,17.84,15.08,28.87,1.91,6.26,8.41,2.37,10.3,11.1,16.06,27.25,17.18,27.76,28.11,27.51,9.19,2.63,10.25,22.81,17.88,9.69,28.2,17.27,11.91,25.33,5.45,25.6,7.19,13.6,29.43,4.1,11.04,21.52,29.62,7.97,11.54,27.99,8.58,29.93,28.61,19.52,17.51,7.43,26.92,28.23,24.5,9.03,9.5,9.27,21.55,1.68,17.0,6.6,23.11,6.78,3,1.4416,1.521,0.5271,1.3012,8
20.59,3.66,28.2,24.66,27.59,4.26,3.61,11.05,16.47,2.77,27.98,8.43,4.69,10.88,29.08,8.38,26.89,12.99,27.18,23.93,7.79,25.32,19.51,20.36,1.46,14.92,19.28,4.91,19.44,24.48,0.76,15.87,23.9,26.26,24.61,6.68,13.34,13.59,17.32,12.01,9.72,5.65,14.04,3.34,27.33,19.37,1.4,22.9,21.01,24.46,24.41,27.97,1.89,27.83,11.02,19.47,19.75,1.37,0.76,4.56,25.69,5.35,3.84,9.28,9.59,19.88,3,1.418,0.6799,0.5397,0.9517,9
29.03,20.77,3.7,27.55,22.89,15.87,18.83,2.61,29.8,27.25,5.95,5.94,18.67,10.53,4.63,23.27,5.28,21.63,18.03,5.59,21.79,25.68,23.52,10.32,21.57,28.99,10.57,26.8,19.78,6.4,7.04,5.07,19.2,23.13,13.28,20.98,5.7,15.67,18.24,0.04,10.91,14.21,20.8,26.83,24.95,23.46,6.77,6.8,12.8,15.22,29.16,14.09,2.75,1.47,29.28,1.37,5.62,18.21,23.64,3.62,15.17,4.75,25.61,11.43,2.96,14.74,3,0.234,0.6497,1.4672,1.9282,10
29.41,6.67,28.88,20.33,18.96,5.49,2.69,25.77,19.99,25.25,13.04,21.22,7.86,25.79,23.38,14.35,9.73,22.61,3.93,6.29,29.1,6.5,20.73,4.58,28.57,27.59,15.25,19.04,22.63,8.76,29.91,10.38,29.71,25.74,16.98,21.52,19.95,20.56,25.81,5.36,28.75,12.15,11.31,24.63,18.54,29.79,6.33,19.68,27.01,7.27,26.91,23.71,14.36,23.96,2.0,19.43,15.95,8.15,20.51,14.75,3.14,7.09,14.57,9.46,25.7,28.49,3,1.1583,1.4798,0.9859,0.5203,11
19.8,6.59,11.56,12.04,1.72,23.54,19.92,6.88,24.85,14.21,10.96,1.9,21.91,23.72,1.35,9.55,17.06,23.98,28.1,19.79,11.05,12.84,21.61,2.16,16.99,27.55,10.27,12.85,0.51,28.0,2.74,21.63,17.77,6.35,9.63,16.41,10.73,5.55,14.31,0.02,4.11,7.61,13.04,4.75,0.45,18.68,19.56,2.88,21.87,2.69,9.22,28.22,17.15,22.56,12.9,28.4,12.11,15.96,19.42,12.18,16.99,15.7,6.47,4.95,14.72,14.52,3,0.1199,1.4029,1.6557,0.6978,12
19.56,20.25,0.85,28.77,20.86,28.92,16.04,14.25,16.34,10.57,25.22,28.08,28.22,20.55,27.0,20.95,9.26,3.46,2.75,23.1,9.86,5.65,28.61,20.16,23.57,19.11,5.45,3.74,1.37,3.63,2.08,25.26,23.24,14.59,11.34,29.8,16.89,13.68,27.65,14.4,21.33,0.04,12.63,16.84,11.87,9.28,19.96,13.06,12.03,17.17,17.79,27.7,26.54,2.67,24.49,11.57,10.43,20.72,1.01,25.74,0.99,12.2,10.59,20.97,14.11,1.13,3,1.1087,1.9626,1.3476,1.4247,13
28.89,13.24,3.3,19.05,19.5,4.12,20.88,6.68,6.18,20.84,17.81,21.57,5.38,10.49,4.85,4.83,12.41,6.19,8.99,29.62,25.6,18.42,27.48,18.62,16.79,17.1,10.06,11.8,27.68,12.42,13.04,8.96,9.91,7.85,27.03,27.7,22.36,9.22,7.72,2.19,26.9,18.36,11.87,27.84,17.67,22.59,7.27,21.17,25.73,8.27,13.53,6.79,26.43,26.31,7.91,15.77,20.28,19.72,16.84,4.38,1.43,9.85,12.6,18.16,14.31,28.06,3,1.4825,1.5035,1.2998,1.6558,14
15.67,25.74,8.09,7.48,3.11,0.24,26.83,17.13,3.87,20.74,3.45,14.36,1.3,9.8,26.98,15.56,5.78,18.91,23.53,11.12,14.18,17.57,25.77,3.77,7.33,1.29,8.34,12.99,9.13,27.87,4.45,18.33,17.0,24.69,4.24,22.12,10.67,4.09,3.44,22.02,13.84,25.75,25.93,15.86,17.85,5.71,17.47,18.84,25.19,28.92,16.66,12.91,24.18,27.68,18.28,28.33,7.83,10.81,8.95,7.78,9.82,11.64,2.54,6.68,16.26,11.13,3,1.3275,0.9449,0.7754,1.7432,15
4.73,20.12,4.07,25.74,5.85,13.73,5.49,12.2,19.68,0.56,6.96,13.52,17.38,15.13,20.79,24.03,11.89,24.65,24.94,0.98,23.74,29.66,19.53,21.32,26.92,17.07,8.42,22.6,28.78,4.59,24.14,2.69,19.88,14.62,26.68,1.93,7.9,29.81,9.06,25.24,1.75,6.85,23.82,25.04,28.42,4.9,24.45,18.29,8.41,11.73,5.44,22.55,21.89,22.62,22.76,5.97,4.0,29.82,18.71,7.01,4.09,4.03,12.04,29.75,6.47,26.33,3,0.3446,0.8292,0.8805,1.2027,16
2.03,20.77,20.11,12.83,13.69,27.98,0.32,25.68,4.26,14.35,18.3,22.53,9.46,26.96,1.7,8.34,11.11,1.68,28.25,5.19,6.92,17.45,23.09,24.48,5.12,0.87,8.13,27.54,23.77,1.4,16.21,13.75,28.4,23.99,24.28,23.91,27.52,0.49,13.63,4.89,4.9,23.91,8.78,26.43,1.75,24.43,21.67,27.49,7.77,26.49,13.88,23.29,3.05,27.52,19.27,20.73,9.63,7.81,3.18,23.6,18.02,25.87,27.77,1.5,10.79,16.25,3,0.8052,1.8807,0.7311,1.5165,17
18.87,10.18,26.17,1.92,4.67,17.96,24.08,17.55,20.64,11.56,22.75,8.45,7.64,15.21,22.18,28.41,14.56,18.82,13.54,23.08,2.29,5.59,3.9,2.58,1.41,15.93,28.98,1.26,20.91,29.48,16.58,24.22,22.28,1.5,27.49,29.28,2.22,25.65,25.89,14.54,20.81,23.94,27.98,17.95,10.58,17.63,18.58,7.55,10.65,17.95,22.06,26.92,3.28,3.06,5.27,27.16,28.36,22.45,7.49,16.73,5.45,0.64,25.71,4.49,3.39,5.28,3,1.0187,1.5276,0.891,1.8186,18
11.48,28.74,27.26,22.2,0.05,16.19,5.87,29.28,8.83,13.28,27.15,0.56,15.07,15.56,15.26,17.4,9.92,8.13,0.62,4.99,25.81,18.42,11.33,15.22,10.48,18.36,26.25,5.68,20.46,14.91,18.72,27.11,11.92,19.04,6.28,28.43,17.93,9.5,7.0,5.55,27.64,14.22,23.84,4.8,10.76,4.61,12.55,26.57,10.48,2.51,24.29,4.01,19.62,17.18,27.82,4.53,8.58,2.14,27.72,28.65,23.06,6.55,4.55,9.53,22.72,21.03,3,0.6033,1.1538,1.1949,1.5803,19
4.63,12.26,24.8,21.68,19.92,28.62,1.28,11.31,10.06,7.78,15.43,19.39,16.54,2.91,6.14,3.21,19.64,22.81,1.21,8.18,16.03,25.53,21.13,4.71,24.57,2.51,25.52,2.83,24.87,23.46,11.16,8.88,19.88,26.5,21.34,16.15,26.09,16.3,16.07,29.74,8.94,0.25,22.91,3.29,9.8,16.69,1.75,9.28,9.17,4.01,25.1,0.03,23.84,5.33,27.84,27.47,14.93,19.15,14.41,24.96,15.62,23.28,28.79,19.13,8.45,26.11,3,1.1234,1.6626,0.6781,1.153,20
3.88,8.89,5.41,18.32,21.45,13.08,4.34,2.25,5.49,9.17,1.92,8.53,18.35,15.96,23.88,3.38,21.98,28.13,27.51,17.05,25.86,25.98,2.7,25.88,13.4,24.76,12.19,18.28,29.3,8.33,20.72,2.9,4.83,20.95,3.33,16.49,1.71,26.26,12.67,0.63,20.65,5.04,0.06,0.16,28.09,22.44,16.18,5.8,11.88,26.19,0.12,18.95,9.8,5.38,7.33,15.88,7.05,21.29,28.06,16.59,4.86,12.54,24.31,5.13,23.35,23.02,3,0.0937,1.1767,1.301,1.1483,21
24.68,22.69,28.01,25.73,5.32,16.67,26.69,26.46,15.05,26.79,20.2,26.48,6.12,24.44,12.23,22.41,15.17,19.05,26.5,28.9,27.39,22.5,23.04,5.31,13.65,7.43,16.56,28.95,3.26,29.19,5.7,19.91,23.73,6.03,6.77,18.26,2.97,16.22,15.24,29.12,10.48,5.61,22.12,21.85,1.9,14.31,21.25,22.93,28.23,0.59,28.58,14.47,11.57,19.52,12.67,18.87,11.11,17.46,0.19,26.97,16.15,3.01,19.63,7.99,23.11,18.64,3,0.7006,1.1669,1.1146,1.191,22
15.1,3.32,29.1,12.57,25.6,19.3,16.23,8.97,19.82,5.35,20.27,29.72,24.66,4.52,11.72,11.06,28.6,11.98,11.53,5.12,26.1,17.24,2.83,9.71,6.12,18.5,17.8,26.73,4.88,9.78,18.07,20.13,18.85,0.27,13.33,8.94,4.1,25.85,0.67,8.04,14.26,22.94,12.36,17.71,29.91,1.89,13.14,18.56,14.53,16.87,16.6,17.86,9.21,20.39,7.65,10.56,18.53,17.13,12.17,2.26,15.27,24.08,24.06,25.41,3.38,13.86,3,0.4335,1.1875,1.9156,1.015,23
11.96,17.45,24.25,3.2,11.42,23.29,16.01,7.96,9.48,23.77,5.0,19.2,24.19,26.28,9.8,5.13,25.07,29.6,4.92,4.19,13.76,11.9,8.7,18.05,1.84,25.2,5.37,16.04,7.58,15.6,23.11,0.02,26.32,17.19,5.7,19.97,1.23,14.47,20.0,16.23,7.11,17.85,14.21,25.0,22.31,3.18,10.43,29.53,7.1,4.48,28.8,23.65,27.46,1.42,6.39,20.39,21.61,22.79,12.1,17.77,26.08,17.89,19.35,0.52,29.05,10.72,3,0.4392,1.3369,1.6509,0.7874,24
